id,first_name,last_name,email,location,department
1,Melodie,Shackleton,mshackleton0@fastcompany.com,Leipsoí,Research and Development
2,Doris,Gabbatt,dgabbatt1@shutterfly.com,Xinglong,Marketing
3,Inger,Joesbury,ijoesbury2@ox.ac.uk,Thủ Thừa,Support
4,Ronda,Smithin,rsmithin3@adobe.com,Safotulafai,Sales
5,Hillary,Minard,hminard4@globo.com,Yuetang,Accounting
6,Anatola,Rappoport,arappoport5@list-manage.com,Lohong,Marketing
7,Jolyn,Kop,jkop6@baidu.com,København,Business Development
8,Emory,Noraway,enoraway7@go.com,Non Sila,Marketing
9,Fannie,Rhoades,frhoades8@pen.io,Serhetabat,Business Development
10,Eberto,Farans,efarans9@cbslocal.com,Margos,Legal
11,Gayla,Grzegorek,ggrzegoreka@weebly.com,Oropesa,Human Resources
12,Ferris,Tubridy,ftubridyb@slashdot.org,Borovany,Support
13,Land,Wallington,lwallingtonc@loc.gov,Cariaco,Business Development
14,Gerhardine,Alcott,galcottd@is.gd,Abuochiche,Marketing
15,Michaela,Rowth,mrowthe@japanpost.jp,Nova Petrópolis,Support
16,Conny,Ranyell,cranyellf@hp.com,Ylöjärvi,Sales
17,Idette,Golthorpp,igolthorppg@ft.com,Xujiahe,Research and Development
18,Luise,Marley,lmarleyh@arstechnica.com,Sabana Grande de Boyá,Engineering
19,Abelard,Croke,acrokei@google.pl,Tiemen,Accounting
20,Geri,Pleasants,gpleasantsj@washington.edu,Koni-Djodjo,Accounting
21,Phyllys,Capehorn,pcapehornk@sitemeter.com,Tanjay,Sales
22,Jermayne,Rishbrook,jrishbrookl@mlb.com,Futuroscope,Engineering
23,Charin,Reid,creidm@addtoany.com,São Mateus do Maranhão,Engineering
24,Magdalen,Andreu,mandreun@prlog.org,Šimanovci,Sales
25,Sue,Gowry,sgowryo@altervista.org,Uppsala,Sales
26,Georgi,Roundtree,groundtreep@surveymonkey.com,Byerazino,Accounting
27,Bobbette,Faloon,bfaloonq@blogtalkradio.com,Blumenau,Marketing
28,Aeriela,Kershaw,akershawr@hubpages.com,Daqian,Research and Development
29,Josefina,Cathcart,jcathcarts@mit.edu,Grenoble,Legal
30,Roxana,Devote,rdevotet@lulu.com,Providencia,Research and Development
31,Cornelle,Gaine,cgaineu@hao123.com,Xilian,Services
32,Salomo,Closs,sclossv@noaa.gov,Dongdong,Legal
33,Feliza,Tripett,ftripettw@techcrunch.com,Le Blanc-Mesnil,Services
34,Maritsa,Viscovi,mviscovix@businessweek.com,Laolong,Research and Development
35,Hogan,MacGarrity,hmacgarrityy@ftc.gov,Nartkala,Accounting
36,Sisely,Wharton,swhartonz@networksolutions.com,Polo,Legal
37,Angelina,Loxston,aloxston10@rediff.com,Onega,Business Development
38,Verena,Stukings,vstukings11@unesco.org,Karangmangu,Marketing
39,Hubert,Arnholz,harnholz12@hc360.com,Horgo,Marketing
40,Geneva,Argontt,gargontt13@aol.com,Naukšēni,Product Management
41,Arthur,Coronado,acoronado14@mlb.com,Shiwan,Engineering
42,Rodie,Wharmby,rwharmby15@bluehost.com,Distracción,Product Management
43,Ignatius,Teodori,iteodori16@alexa.com,Mayingzhuang,Human Resources
44,Gussi,Duester,gduester17@usatoday.com,Beishan,Services
45,Ram,Attwell,rattwell18@mapquest.com,Cergy-Pontoise,Services
46,Cathee,Liepmann,cliepmann19@un.org,Būrewāla,Support
47,Joey,Grassick,jgrassick1a@nih.gov,Jingling,Services
48,Krystyna,Dries,kdries1b@wufoo.com,Turku,Services
49,Ward,Chettoe,wchettoe1c@sitemeter.com,Thākurgaon,Training
50,Kylie,Watton,kwatton1d@stumbleupon.com,Barabedang,Legal
51,Kakalina,Hounsom,khounsom1e@virginia.edu,Milltown,Human Resources
52,Karlik,Laverenz,klaverenz1f@google.co.uk,København,Marketing
53,Elsinore,Lamming,elamming1g@paypal.com,La Quebrada,Research and Development
54,Sergei,Mainston,smainston1h@twitter.com,Jiji,Services
55,Emilio,Triplett,etriplett1i@webeden.co.uk,Umm as Sāhik,Legal
56,Willy,Coiley,wcoiley1j@flickr.com,Reuleuet,Engineering
57,Deeyn,Hutchinges,dhutchinges1k@bravesites.com,Pasatan,Sales
58,Xenos,Shoebrook,xshoebrook1l@weibo.com,Dieppe,Support
59,Zabrina,Mc Carrick,zmccarrick1m@forbes.com,Lékhaio,Engineering
60,Nollie,Parcell,nparcell1n@ed.gov,Topolovgrad,Training
