id,first_name,last_name,email,location,department
61,Ham,O'Corhane,hocorhane1o@opera.com,Wielki Kack,Legal
62,Kellsie,Grieve,kgrieve1p@pagesperso-orange.fr,Burhānuddin,Business Development
63,Haskel,Hopkynson,hhopkynson1q@webnode.com,Pengilon,Marketing
64,Stephi,Heaseman,sheaseman1r@nationalgeographic.com,Basud,Human Resources
65,Gan,Siddall,gsiddall1s@cloudflare.com,Zhoushizhuang,Accounting
66,Abran,Wrey,awrey1t@chronoengine.com,Glugur Tengah,Training
67,Filippa,Bielfelt,fbielfelt1u@dailymail.co.uk,Kumba,Engineering
68,Matthew,Shawyer,mshawyer1v@blog.com,Castanheiro do Sul,Sales
69,Tony,McNay,tmcnay1w@indiatimes.com,Laascaanood,Business Development
70,Traci,Garbott,tgarbott1x@reverbnation.com,Kribi,Services
71,Corbin,Cotter,ccotter1y@cloudflare.com,Moyo,Services
72,Barnie,Gurton,bgurton1z@godaddy.com,Hoktember,Accounting
73,Butch,Walkden,bwalkden20@mayoclinic.com,Partesh,Sales
74,Lauren,Drewery,ldrewery21@vkontakte.ru,Brengkok,Business Development
75,Claudie,Volk,cvolk22@friendfeed.com,Gandu,Human Resources
76,Urban,Kleis,ukleis23@pagesperso-orange.fr,Leye,Marketing
77,Eleen,Kobus,ekobus24@smugmug.com,Torre de Moncorvo,Support
78,Gib,Piggen,gpiggen25@ebay.com,Kuliyapitiya,Legal
79,Korney,McAusland,kmcausland26@is.gd,Kuala Lumpur,Legal
80,Leonanie,Aldhous,laldhous27@scribd.com,Bungalaleng,Sales
81,Farlay,Rubinsztein,frubinsztein28@google.com,Pubu,Support
82,Alphonse,Curnok,acurnok29@dailymotion.com,Chelopech,Sales
83,Rorie,Darwen,rdarwen2a@shareasale.com,Muan,Marketing
84,Oralia,Wevell,owevell2b@myspace.com,Richmond,Support
85,Creighton,Hillburn,chillburn2c@cnet.com,Sungairaya,Accounting
86,Lisa,Work,lwork2d@diigo.com,Shimabara,Product Management
87,Gradeigh,Gammon,ggammon2e@skype.com,Voronkov,Services
88,Travis,Groom,tgroom2f@jimdo.com,El Bolsón,Research and Development
89,Tersina,Demead,tdemead2g@wordpress.org,Psary,Product Management
90,Myrwyn,Small,msmall2h@comsenz.com,Miedzichowo,Research and Development
91,Clerkclaude,Axelby,caxelby2i@bigcartel.com,Marugame,Human Resources
92,Sapphira,Dobinson,sdobinson2j@chron.com,Pantukan,Product Management
93,Loree,Cass,lcass2k@jalbum.net,Umbanyar,Research and Development
94,Randi,Ludlem,rludlem2l@free.fr,Daidaon,Human Resources
95,Pamela,Clapshaw,pclapshaw2m@friendfeed.com,Calabugao,Business Development
96,Lincoln,Hallagan,lhallagan2n@yahoo.co.jp,Vesoul,Legal
97,Gina,Van Hove,gvanhove2o@prweb.com,Ladner,Training
98,Harri,Spirritt,hspirritt2p@usda.gov,Faro,Sales
99,Tommi,Askem,taskem2q@army.mil,Fengcheng,Services
100,Gilberto,Fallowes,gfallowes2r@unblog.fr,Sacsamarca,Training
